utc_epoch_time,Early-BirdTickets,RegularTickets,CamperTicket,Donations,Harbourover12m,Harbourunder12m
1640095200.0,0,0,0,,,
1640095200.0,6,1,0,7.0,,
1640098800.0,17,7,2,24.0,,
1640102400.0,46,20,11,50.0,,
1640106000.0,95,29,19,97.0,,
1640109600.0,124,35,21,132.0,,
1640113200.0,147,41,24,151.0,,
1640116800.0,163,44,28,167.0,,
1640120400.0,183,51,29,188.0,,
1640124000.0,191,57,29,193.0,,
1640127600.0,199,57,29,200.0,,
1640131200.0,200,57,29,200.0,,
1640134800.0,201,57,30,201.0,,
1640138400.0,203,57,30,203.0,,
1640142000.0,203,58,30,204.0,,
1640145600.0,204,58,30,205.0,,
1640149200.0,205,58,30,205.0,,
1640152800.0,207,61,30,208.0,,
1640160000.0,211,62,30,213.0,,
1640163600.0,213,68,31,218.0,,
1640167200.0,220,68,31,222.0,,
1640170800.0,226,75,32,234.0,,
1640174400.0,230,77,33,241.0,,
1640178000.0,239,78,34,250.0,,
1640181600.0,243,78,35,252.0,,
1640185200.0,243,80,35,253.0,,
1640188800.0,246,81,35,256.0,,
1640192400.0,249,81,35,260.0,,
1640199600.0,253,81,35,263.0,,
1640206800.0,256,81,35,264.0,,
1640210400.0,258,81,35,266.0,,
1640214000.0,259,81,35,267.0,,
1640239200.0,260,81,35,268.0,,
1640242800.0,262,82,35,270.0,,
1640246400.0,263,82,35,270.0,,
1640250000.0,265,82,35,272.0,,
1640253600.0,267,82,35,273.0,,
1640257200.0,272,82,35,278.0,,
1640260800.0,274,83,35,279.0,,
1640264400.0,275,83,35,280.0,,
1640268000.0,280,83,36,287.0,,
1640271600.0,284,83,37,289.0,,
1640275200.0,289,84,37,294.0,,
1640278800.0,291,85,39,297.0,,
1640282400.0,295,85,40,301.0,,
1640286000.0,297,85,40,304.0,,
1640289600.0,297,88,40,307.0,,
1640293200.0,300,88,40,308.0,,
1640296800.0,301,89,40,309.0,,
1640300400.0,304,89,40,312.0,,
1640322000.0,305,89,40,313.0,,
1640332800.0,306,89,40,314.0,,
1640336400.0,307,89,40,315.0,,
1640340000.0,309,92,40,321.0,,
1640347200.0,311,92,40,323.0,,
1640350800.0,314,92,42,324.0,,
1640354400.0,317,92,42,328.0,,
1640358000.0,319,93,42,331.0,,
1640361600.0,321,93,43,333.0,,
1640365200.0,323,94,44,335.0,,
1640368800.0,323,95,44,335.0,,
1640372400.0,324,95,45,336.0,,
1640379600.0,325,95,45,337.0,,
1640383200.0,326,99,46,339.0,,
1640386800.0,330,100,46,342.0,,
1640419200.0,332,100,47,344.0,,
1640426400.0,333,100,47,345.0,,
1640430000.0,334,100,47,346.0,,
1640433600.0,336,100,47,348.0,,
1640437200.0,337,100,47,349.0,,
1640451600.0,338,100,47,350.0,,
1640512800.0,339,100,47,361.0,,
1640520000.0,340,100,47,361.0,,
1640523600.0,341,100,47,362.0,,
1640530800.0,344,101,48,365.0,,
1640534400.0,346,101,48,367.0,,
1640545200.0,350,103,49,369.0,,
1640559600.0,351,103,49,370.0,,
1640563200.0,356,104,50,376.0,,
1640588400.0,357,104,50,377.0,,
1640592000.0,359,104,50,377.0,,
1640595600.0,360,104,50,377.0,,
1640599200.0,364,105,50,381.0,,
1640602800.0,365,105,50,382.0,,
1640606400.0,367,105,51,385.0,,
1640610000.0,369,105,51,387.0,,
1640613600.0,372,106,51,390.0,,
1640617200.0,374,106,52,392.0,,
1640620800.0,376,106,52,392.0,,
1640628000.0,377,106,52,393.0,,
1640631600.0,379,107,52,396.0,,
1640635200.0,380,107,52,397.0,,
1640638800.0,382,108,52,400.0,,
1640642400.0,383,109,52,401.0,,
1640646000.0,385,109,52,402.0,,
1640667600.0,385,111,52,402.0,,
1640682000.0,387,113,53,402.0,,
1640689200.0,390,115,53,405.0,,
1640696400.0,392,115,53,408.0,,
1640703600.0,394,116,53,409.0,,
1640707200.0,394,117,53,410.0,,
1640714400.0,396,120,54,412.0,,
1640718000.0,397,120,54,413.0,,
1640721600.0,398,120,54,414.0,,
1640725200.0,399,120,54,414.0,,
1640728800.0,400,120,54,415.0,,
1640732400.0,400,121,54,416.0,,
1640761200.0,401,121,54,417.0,,
1640764800.0,401,122,54,419.0,,
1640768400.0,402,122,54,420.0,,
1640772000.0,403,122,54,422.0,,
1640775600.0,404,122,54,423.0,,
1640779200.0,406,122,54,425.0,,
1640782800.0,407,123,55,426.0,,
1640786400.0,408,123,55,427.0,,
1640793600.0,408,124,55,427.0,,
1640800800.0,410,124,55,429.0,,
1640808000.0,414,124,56,433.0,,
1640811600.0,416,126,57,435.0,,
1640815200.0,416,129,57,438.0,,
1640818800.0,419,129,58,441.0,,
1640826000.0,420,129,58,442.0,,
1640833200.0,422,129,58,443.0,,
1640847600.0,422,130,58,444.0,,
1640858400.0,424,130,59,446.0,,
1640862000.0,425,130,59,446.0,,
1640876400.0,426,130,59,447.0,,
1640883600.0,429,135,59,453.0,,
1640887200.0,435,135,59,459.0,,
1640890800.0,438,135,59,462.0,,
1640894400.0,442,135,59,464.0,,
1640898000.0,444,137,59,466.0,,
1640901600.0,446,137,59,467.0,,
1640908800.0,448,137,59,469.0,,
1640930400.0,449,137,59,469.0,,
1640934000.0,449,138,59,469.0,,
1640937600.0,453,138,59,471.0,,
1640944800.0,454,138,59,472.0,,
1640948400.0,456,138,60,473.0,,
1640955600.0,466,139,61,485.0,,
1640959200.0,468,139,61,486.0,,
1640970000.0,469,139,61,486.0,,
1640973600.0,473,143,64,491.0,,
1640980800.0,473,144,64,492.0,,
1640984400.0,476,144,64,493.0,,
1640988000.0,478,145,65,495.0,,
1640991600.0,478,145,65,496.0,,
1640995200.0,480,147,66,498.0,,
1641031200.0,481,147,66,500.0,,
1641038400.0,482,147,67,500.0,,
1641042000.0,485,147,67,502.0,,
1641052800.0,486,147,67,503.0,,
1641056400.0,489,148,67,506.0,,
1641060000.0,490,148,67,507.0,,
1641070800.0,490,151,68,508.0,,
1641074400.0,490,153,68,510.0,,
1641110400.0,490,154,68,513.0,,
1641117600.0,490,156,68,515.0,,
1641124800.0,490,158,69,516.0,,
1641128400.0,490,160,70,518.0,,
1641132000.0,490,162,70,520.0,,
1641135600.0,490,166,70,524.0,,
1641139200.0,490,170,71,527.0,,
1641146400.0,490,171,71,529.0,,
1641153600.0,490,175,71,530.0,,
1641157200.0,490,175,72,530.0,,
1641160800.0,490,175,73,530.0,,
1641164400.0,490,176,73,530.0,,
1641168000.0,490,177,73,531.0,,
1641196800.0,490,179,73,533.0,,
1641207600.0,490,180,73,534.0,,
1641211200.0,490,181,73,540.0,,
1641214800.0,490,182,73,540.0,,
1641222000.0,490,186,73,541.0,,
1641229200.0,490,188,73,544.0,,
1641232800.0,490,189,73,545.0,,
1641236400.0,490,190,73,547.0,,
1641240000.0,490,191,73,548.0,,
1641247200.0,490,192,73,549.0,,
1641279600.0,490,193,73,549.0,,
1641297600.0,490,195,74,550.0,,
1641301200.0,490,196,74,550.0,,
1641312000.0,490,199,74,553.0,,
1641319200.0,490,204,74,564.0,,
1641322800.0,490,208,74,566.0,,
1641326400.0,490,212,74,569.0,,
1641330000.0,490,214,74,572.0,,
1641333600.0,490,215,74,573.0,,
1641337200.0,490,216,74,574.0,,
1641366000.0,490,219,75,574.0,,
1641373200.0,490,223,75,576.0,,
1641376800.0,490,230,75,579.0,,
1641380400.0,490,232,76,580.0,,
1641384000.0,490,233,76,581.0,,
1641387600.0,490,234,76,581.0,,
1641391200.0,490,235,77,582.0,,
1641394800.0,490,236,77,583.0,,
1641398400.0,490,237,77,583.0,,
1641405600.0,490,237,78,583.0,,
1641452400.0,490,239,78,586.0,,
1641466800.0,490,239,79,586.0,,
1641474000.0,490,241,79,586.0,,
1641477600.0,490,242,79,587.0,,
1641488400.0,490,243,79,587.0,,
1641492000.0,490,246,80,587.0,,
1641495600.0,490,247,81,587.0,,
1641506400.0,490,252,81,587.0,,
1641517200.0,490,252,81,588.0,,
1641542400.0,490,253,81,588.0,,
1641546000.0,490,253,81,592.0,,
1641549600.0,490,254,81,593.0,,
1641553200.0,490,256,81,595.0,,
1641556800.0,490,261,81,595.0,,
1641567600.0,490,264,81,595.0,,
1641578400.0,490,265,81,595.0,,
1641589200.0,490,269,83,600.0,,
1641646800.0,490,271,83,601.0,,
1641654000.0,490,272,83,601.0,,
1641661200.0,490,273,83,602.0,,
1641664800.0,490,274,83,604.0,,
1641729600.0,490,274,83,607.0,,
1641733200.0,490,277,83,610.0,,
1641736800.0,490,277,83,611.0,,
1641744000.0,490,277,83,612.0,,
1641747600.0,490,279,83,615.0,,
1641751200.0,490,280,83,616.0,,
1641758400.0,490,282,83,617.0,,
1641790800.0,490,282,83,617.0,,
1641798000.0,490,284,83,617.0,,
1641808800.0,490,284,83,618.0,,
1641816000.0,490,286,83,625.0,,
1641830400.0,490,287,83,626.0,,
1641848400.0,490,288,83,626.0,,
1641852000.0,490,294,84,629.0,,
1641898800.0,490,294,84,630.0,,
1641902400.0,490,295,84,631.0,,
1641913200.0,490,298,84,631.0,,
1641920400.0,490,300,84,633.0,,
1641924000.0,490,302,84,635.0,,
1641931200.0,490,303,84,636.0,,
1641942000.0,490,306,85,638.0,,
1641963600.0,490,307,85,639.0,,
1641974400.0,490,308,85,640.0,,
1641981600.0,490,309,85,640.0,,
1641985200.0,490,310,85,641.0,,
1641988800.0,490,310,85,642.0,,
1641999600.0,490,312,85,644.0,,
1642003200.0,490,313,85,645.0,,
1642014000.0,490,314,85,646.0,,
1642017600.0,490,316,85,647.0,,
1642021200.0,490,319,86,652.0,,
1642024800.0,490,322,87,655.0,,
1642060800.0,490,323,87,655.0,,
1642068000.0,490,324,87,656.0,,
1642086000.0,490,327,87,659.0,,
1642104000.0,490,336,87,663.0,,
1642107600.0,490,338,87,665.0,,
1642111200.0,490,338,87,666.0,,
1642118400.0,490,341,88,668.0,,
1642136400.0,490,342,88,669.0,,
1642143600.0,490,343,88,670.0,,
1642158000.0,490,344,88,671.0,,
1642172400.0,490,346,88,671.0,,
1642186800.0,490,346,88,672.0,,
1642194000.0,490,347,88,673.0,,
1642201200.0,490,348,88,674.0,,
1642237200.0,490,349,88,674.0,,
1642240800.0,490,350,88,675.0,,
1642244400.0,490,355,88,676.0,,
1642248000.0,490,357,88,679.0,,
1642273200.0,490,358,88,680.0,,
1642276800.0,490,359,88,680.0,,
1642280400.0,490,360,88,682.0,,
1642320000.0,490,361,89,682.0,,
1642327200.0,490,362,89,682.0,,
1642338000.0,490,364,89,683.0,,
1642352400.0,490,367,89,686.0,,
1642356000.0,491,368,89,688.0,,
1642359600.0,491,369,89,688.0,,
1642370400.0,491,369,89,688.0,,
1642410000.0,491,370,89,689.0,,
1642435200.0,491,371,89,690.0,,
1642449600.0,491,374,90,692.0,,
1642453200.0,491,375,90,692.0,,
1642464000.0,491,376,91,693.0,,
1642496400.0,491,377,91,694.0,,
1642503600.0,491,378,91,695.0,,
1642510800.0,492,379,92,695.0,,
1642518000.0,492,380,92,697.0,,
1642521600.0,492,383,92,699.0,,
1642525200.0,492,384,92,699.0,,
1642536000.0,492,387,93,700.0,,
1642539600.0,492,388,93,700.0,,
1642543200.0,492,389,93,700.0,,
1642546800.0,492,392,95,702.0,,
1642593600.0,492,396,95,705.0,,
1642604400.0,492,399,95,707.0,,
1642608000.0,492,404,98,709.0,,
1642611600.0,492,405,98,710.0,,
1642615200.0,492,406,98,711.0,,
1642618800.0,492,409,99,714.0,,
1642622400.0,492,416,100,717.0,,
1642626000.0,492,419,100,719.0,,
1642629600.0,492,420,100,720.0,,
1642630260.9671412,512,400,100,720.0,1.0,6.0
1642630384.426659,512,400,100,720.0,1.0,6.0
1642630425.911426,512,400,100,720.0,1.0,6.0
1642630462.782316,512,400,100,720.0,1.0,6.0
1642630497.341302,512,400,100,720.0,1.0,6.0
1642630542.9187598,512,400,100,720.0,1.0,6.0
1642630615.272178,512,400,100,720.0,1.0,6.0
1642630645.21439,512,400,100,720.0,1.0,6.0
1642631285.4330711,512,400,100,720.0,1.0,6.0
1642631906.3482163,512,400,100,720.0,1.0,6.0
1642634243.215304,512,399,100,719.0,1.0,6.0
1642635542.5820167,512,399,100,719.0,1.0,6.0
1642640935.744911,512,399,100,719.0,1.0,6.0
1642645585.1445389,512,399,100,719.0,1.0,6.0
1642647223.1564205,512,399,100,719.0,1.0,6.0
1642648577.9408765,512,399,100,719.0,1.0,6.0
1642649917.1692145,512,399,100,719.0,1.0,6.0
1642652499.1244988,512,399,100,719.0,1.0,6.0
1642654024.105898,512,399,100,719.0,1.0,6.0
1642655743.6313608,512,399,100,719.0,1.0,6.0
1642656990.2477334,512,399,100,719.0,1.0,6.0
1642659592.086522,512,399,100,719.0,1.0,6.0
1642661110.8070478,512,399,100,719.0,1.0,6.0
1642662943.7407806,512,399,100,719.0,1.0,6.0
1642664224.512396,512,399,100,719.0,1.0,6.0
1642666807.9868546,512,399,100,719.0,1.0,6.0
1642668130.034143,512,399,100,719.0,1.0,6.0
1642670258.1405818,512,405,100,722.0,1.0,6.0
1642671572.6376758,512,409,100,723.0,1.0,6.0
1642673890.8071332,512,409,100,723.0,1.0,6.0
1642675218.0431683,512,409,100,723.0,1.0,6.0
1642677328.9586632,512,409,100,723.0,1.0,6.0
1642678594.8166015,512,412,100,725.0,1.0,6.0
1642681643.6618376,512,413,100,726.0,1.0,6.0
1642683469.982934,512,414,100,726.0,1.0,6.0
1642685016.097803,512,414,100,726.0,1.0,6.0
1642685840.8080697,512,414,100,727.0,1.0,6.0
1642688121.494076,512,414,100,727.0,1.0,6.0
1642689419.391596,512,414,100,727.0,1.0,6.0
1642691827.578364,512,414,100,727.0,1.0,6.0
1642693304.591589,512,414,100,727.0,1.0,6.0
1642695955.1884823,512,414,100,727.0,1.0,6.0
1642697868.81998,512,414,100,727.0,1.0,6.0
1642699454.951176,512,414,100,727.0,1.0,6.0
1642700472.8665843,512,414,100,727.0,1.0,6.0
1642702807.0068462,512,414,100,727.0,1.0,6.0
1642704220.1226354,512,414,100,727.0,1.0,6.0
1642705985.2404654,512,414,100,727.0,1.0,6.0
1642707411.8343294,512,415,100,728.0,1.0,6.0
1642709878.8918164,512,419,100,728.0,1.0,6.0
1642711121.537213,512,419,100,728.0,1.0,6.0
1642713256.1985192,512,421,100,728.0,1.0,6.0
1642714613.1772714,512,421,100,728.0,1.0,6.0
1642716979.8483222,512,421,100,728.0,1.0,6.0
1642718285.294146,512,421,100,728.0,1.0,6.0
1642720584.485509,512,421,100,728.0,1.0,6.0
1642721815.1686797,512,421,100,728.0,1.0,6.0
1642726619.7546268,512,421,100,728.0,1.0,6.0
1642730509.220363,512,421,100,728.0,1.0,6.0
1642733304.57355,512,421,100,728.0,1.0,6.0
1642735020.0319877,512,421,100,728.0,1.0,6.0
1642736340.4986143,512,421,100,728.0,1.0,6.0
1642739037.6304276,512,421,100,728.0,1.0,6.0
1642740594.032065,512,421,100,728.0,1.0,6.0
1642742092.815253,512,421,100,728.0,1.0,6.0
1642743395.7050347,512,421,100,728.0,1.0,6.0
1642746026.6991203,512,421,100,728.0,1.0,6.0
1642747520.5495205,512,421,100,728.0,1.0,6.0
1642749369.9248295,512,421,100,728.0,1.0,6.0
1642750596.8947756,512,421,100,728.0,1.0,6.0
1642753209.9266748,512,421,100,728.0,1.0,6.0
1642754538.6205125,512,421,100,728.0,1.0,6.0
1642756605.801442,512,421,100,728.0,1.0,6.0
1642757934.05889,512,421,100,728.0,1.0,6.0
1642760293.4946213,512,421,100,728.0,1.0,6.0
1642761593.4806952,512,421,100,728.0,1.0,6.0
1642763659.0361135,512,421,100,728.0,1.0,6.0
1642765048.8565671,512,421,100,728.0,1.0,6.0
1642768021.949995,512,421,100,728.0,1.0,6.0
1642769831.8836994,512,421,100,728.0,1.0,6.0
1642771315.6548927,512,421,100,728.0,1.0,6.0
1642772227.715047,512,421,100,728.0,1.0,6.0
1642774516.5105903,512,421,100,728.0,1.0,6.0
1642775807.5552633,512,421,100,728.0,1.0,6.0
1642778284.5347652,512,443,100,728.0,1.0,6.0
1642779718.9825065,512,443,100,728.0,1.0,6.0
1642782207.2389991,512,444,100,729.0,1.0,6.0
1642784195.568441,512,444,100,729.0,1.0,6.0
1642785675.696601,512,444,100,729.0,1.0,6.0
1642786816.729867,512,444,100,729.0,1.0,6.0
1642789204.3922777,512,445,100,730.0,1.0,6.0
1642790596.4548962,512,445,100,730.0,1.0,6.0
1642792423.7423742,512,445,100,730.0,1.0,6.0
1642793811.2860043,512,445,100,730.0,1.0,6.0
1642796177.549613,512,447,100,732.0,1.0,6.0
1642797458.64487,512,447,100,732.0,1.0,6.0
1642799527.0547009,512,447,100,732.0,1.0,6.0
1642801035.0783918,512,447,100,732.0,1.0,6.0
1642803408.7498796,512,447,100,732.0,1.0,6.0
1642804671.985858,512,447,100,732.0,1.0,6.0
1642807003.2623782,512,447,100,732.0,1.0,6.0
1642808275.1924212,512,447,100,732.0,1.0,6.0
1642812970.978753,512,447,100,732.0,1.0,6.0
1642816600.62009,512,447,100,732.0,1.0,6.0
1642818715.767756,512,447,100,732.0,1.0,6.0
1642821412.99933,512,447,100,732.0,1.0,6.0
1642822730.5517323,512,447,100,732.0,1.0,6.0
1642825271.9079711,512,447,100,732.0,1.0,6.0
1642826824.4503517,512,447,100,732.0,1.0,6.0
1642828469.5300517,512,447,100,732.0,1.0,6.0
1642829808.1587656,512,447,100,732.0,1.0,6.0
1642832367.1433065,512,447,100,732.0,1.0,6.0
1642833882.639075,512,447,100,732.0,1.0,6.0
1642835710.2904017,512,447,100,732.0,1.0,6.0
1642837005.030021,512,447,100,732.0,1.0,6.0
1642839556.704591,512,447,100,732.0,1.0,6.0
1642840871.7352953,512,447,100,732.0,1.0,6.0
1642842955.0230725,512,447,100,732.0,1.0,6.0
1642844272.4276147,512,447,100,732.0,1.0,6.0
1642846667.3440464,512,447,100,732.0,1.0,6.0
1642847988.6607888,512,447,100,732.0,1.0,6.0
1642850057.395545,512,447,100,732.0,1.0,6.0
1642851403.6142273,512,447,100,732.0,1.0,6.0
1642854345.6682937,512,447,100,732.0,1.0,6.0
1642856032.4881282,512,447,100,732.0,1.0,6.0
1642857452.628458,512,447,100,732.0,1.0,6.0
1642858595.845029,512,447,100,732.0,1.0,6.0
1642860859.3530135,512,447,100,732.0,1.0,6.0
1642862212.333609,512,447,100,732.0,1.0,6.0
1642864591.1925118,512,447,100,732.0,1.0,6.0
1642866019.1001832,512,447,100,732.0,1.0,6.0
1642868662.684551,512,447,100,732.0,1.0,6.0
1642870512.8189511,512,447,100,732.0,1.0,6.0
1642871863.4721208,512,447,100,732.0,1.0,6.0
1642873129.2647493,512,447,100,732.0,1.0,6.0
1642875526.5988617,512,447,100,732.0,1.0,6.0
1642876933.5821,512,447,100,732.0,1.0,6.0
1642878790.405962,512,447,100,732.0,1.0,6.0
1642880206.4851258,512,447,100,732.0,1.0,6.0
1642882597.984661,512,451,100,732.0,1.0,6.0
1642883839.628628,512,451,100,732.0,1.0,6.0
1642886035.0429146,512,451,100,732.0,1.0,6.0
1642887411.4166784,512,451,100,732.0,1.0,6.0
1642889755.01183,512,451,100,732.0,1.0,6.0
1642891060.132028,512,452,100,733.0,1.0,6.0
1642893351.382468,512,453,100,733.0,1.0,6.0
1642894657.8239183,512,454,100,734.0,1.0,6.0
1642899507.0264306,512,454,100,734.0,1.0,6.0
1642903244.6319077,512,456,100,736.0,1.0,6.0
1642906015.780929,512,456,100,736.0,1.0,6.0
1642907859.3543355,512,456,100,736.0,1.0,6.0
1642909150.2184482,512,456,100,736.0,1.0,6.0
1642911673.4341996,512,456,100,736.0,1.0,6.0
1642913227.0803382,512,456,100,736.0,1.0,6.0
1642914872.7347157,512,456,100,736.0,1.0,6.0
1642916193.76363,512,456,100,736.0,1.0,6.0
1642918793.4365249,512,456,100,736.0,1.0,6.0
1642920262.3410294,512,456,100,736.0,1.0,6.0
1642922166.1857288,512,456,100,736.0,1.0,6.0
1642923397.619763,512,456,100,736.0,1.0,6.0
1642925937.1509032,512,456,100,736.0,1.0,6.0
1642927264.7923846,512,456,100,736.0,1.0,6.0
1642929349.932181,512,456,100,736.0,1.0,6.0
1642930672.4102502,512,456,100,736.0,1.0,6.0
1642933075.3814,512,457,100,741.0,1.0,6.0
1642934347.2775393,512,457,100,741.0,1.0,6.0
1642936424.8415406,512,459,100,743.0,1.0,6.0
1642937799.9920125,512,459,100,743.0,1.0,6.0
1642940783.2557898,512,459,100,743.0,1.0,6.0
1642942519.454414,512,459,100,743.0,1.0,6.0
1642943876.770207,512,459,100,743.0,1.0,6.0
1642944999.4796782,512,459,100,743.0,1.0,6.0
1642947299.6529248,512,459,100,743.0,1.0,6.0
1642948604.13727,512,459,100,743.0,1.0,6.0
1642951091.0971324,512,459,100,743.0,1.0,6.0
1642952493.488605,512,459,100,743.0,1.0,6.0
1642955069.045854,512,459,100,743.0,1.0,6.0
1642956936.8848555,512,459,100,743.0,1.0,6.0
1642958291.327969,512,459,100,743.0,1.0,6.0
1642959550.386199,512,459,100,743.0,1.0,6.0
1642961919.5041966,512,459,100,743.0,1.0,6.0
1642963340.4409122,512,459,100,743.0,1.0,6.0
1642965165.5999055,512,459,100,743.0,1.0,6.0
1642966598.2949705,512,459,100,743.0,1.0,6.0
1642969035.2300713,512,459,100,743.0,1.0,6.0
1642970282.1988516,512,460,100,744.0,1.0,6.0
1642972502.6448002,512,460,100,744.0,1.0,6.0
1642973803.159852,512,460,100,744.0,1.0,6.0
1642976176.3993242,512,461,100,745.0,1.0,6.0
1642977480.71795,512,461,100,745.0,1.0,6.0
1642979759.5747616,512,461,100,745.0,1.0,6.0
1642981035.3824177,512,461,100,745.0,1.0,6.0
1642985861.2825434,512,461,100,745.0,1.0,6.0
1642990066.923102,512,461,100,745.0,1.0,6.0
1642992861.617914,512,461,100,745.0,1.0,6.0
1642994374.1184928,512,461,100,745.0,1.0,6.0
1642995672.054566,512,461,100,745.0,1.0,6.0
1642998110.613633,512,461,100,745.0,1.0,6.0
1642999677.2311516,512,461,100,745.0,1.0,6.0
1643001306.994846,512,461,100,745.0,1.0,6.0
1643002591.8664153,512,461,100,745.0,1.0,6.0
1643005397.3555837,512,461,100,745.0,1.0,6.0
1643006963.7702248,512,461,100,745.0,1.0,6.0
1643008658.597587,512,461,100,745.0,1.0,6.0
1643010041.372386,512,461,100,745.0,1.0,6.0
1643012416.6943011,512,461,100,745.0,1.0,6.0
1643013755.5842772,512,461,100,745.0,1.0,6.0
1643015736.9667804,512,461,100,745.0,1.0,6.0
1643017095.36412,512,462,100,746.0,1.0,6.0
1643019494.430861,512,462,100,746.0,1.0,6.0
1643020821.5740445,512,462,100,746.0,1.0,6.0
1643022842.4859834,512,463,100,747.0,1.0,6.0
1643024249.911167,512,463,100,747.0,1.0,6.0
1643027227.434019,512,463,100,747.0,1.0,6.0
1643029038.568464,512,463,100,747.0,1.0,6.0
1643030610.1436806,512,463,100,747.0,1.0,6.0
1643031605.533201,512,463,100,747.0,1.0,6.0
1643033746.992126,512,463,100,747.0,1.0,6.0
1643035000.268222,512,463,100,747.0,1.0,6.0
1643037436.90023,512,463,100,747.0,1.0,6.0
1643038912.3501875,512,463,100,747.0,1.0,6.0
1643041567.7061217,512,464,100,747.0,1.0,6.0
1643043492.8313303,512,465,100,747.0,1.0,6.0
1643045115.4020371,512,466,100,749.0,1.0,6.0
1643046093.4995694,512,466,100,749.0,1.0,6.0
1643048280.1385078,512,466,100,749.0,1.0,6.0
1643049762.0716455,512,466,100,749.0,1.0,6.0
1643051654.5946188,512,466,100,749.0,1.0,6.0
1643053162.721441,512,466,100,749.0,1.0,6.0
1643055451.7977335,512,466,100,749.0,1.0,6.0
1643056729.2476337,512,466,100,749.0,1.0,6.0
1643058791.3472176,512,466,100,749.0,1.0,6.0
1643060201.607083,512,466,100,749.0,1.0,6.0
1643062601.8573763,512,466,100,749.0,1.0,6.0
1643063917.51337,512,466,100,749.0,1.0,6.0
1643066197.1561542,512,466,100,749.0,1.0,6.0
1643067398.0344555,512,466,100,749.0,1.0,6.0
1643072676.447472,512,467,100,750.0,1.0,6.0
1643077093.5372646,512,467,100,750.0,1.0,6.0
1643078974.0299344,512,467,100,750.0,1.0,6.0
1643080650.1770544,512,467,100,750.0,1.0,6.0
1643081970.2061431,512,467,100,750.0,1.0,6.0
1643084508.591105,512,467,100,750.0,1.0,6.0
1643086087.7318351,512,467,100,750.0,1.0,6.0
1643087706.3499022,512,467,100,750.0,1.0,6.0
1643089014.059468,512,467,100,750.0,1.0,6.0
1643091613.8911543,512,467,100,750.0,1.0,6.0
1643093103.4980457,512,467,100,750.0,1.0,6.0
1643094988.1488895,512,467,100,750.0,1.0,6.0
1643096207.077495,512,467,100,750.0,1.0,6.0
1643098839.0902352,512,467,100,750.0,1.0,6.0
1643100141.3388772,512,467,100,750.0,1.0,6.0
1643102202.8922374,512,468,100,753.0,1.0,6.0
1643103530.5760643,512,468,100,753.0,1.0,6.0
1643105921.713065,512,468,100,753.0,1.0,6.0
1643107202.0431826,512,468,100,753.0,1.0,6.0
1643109285.7325358,512,468,100,753.0,1.0,6.0
1643110600.8840067,512,468,100,753.0,1.0,6.0
1643113659.2284403,512,469,100,753.0,1.0,6.0
1643115500.060734,512,469,100,753.0,1.0,6.0
1643117022.6287005,512,469,100,753.0,1.0,6.0
1643117848.5938113,512,469,100,753.0,1.0,6.0
1643120127.1344187,512,469,100,753.0,1.0,6.0
1643121402.969173,512,469,100,753.0,1.0,6.0
1643123852.9258523,512,469,100,753.0,1.0,6.0
1643125313.9825451,512,469,100,753.0,1.0,6.0
1643127956.3701203,512,469,100,753.0,1.0,6.0
1643129868.1223028,512,469,100,753.0,1.0,6.0
1643131430.9307754,512,469,100,753.0,1.0,6.0
1643132415.7206917,512,469,100,753.0,1.0,6.0
1643134816.365074,512,469,100,753.0,1.0,6.0
1643136223.8163445,512,469,100,753.0,1.0,6.0
1643138084.1590354,512,469,100,753.0,1.0,6.0
1643139452.6010847,512,469,100,753.0,1.0,6.0
1643141848.3934298,512,470,100,753.0,1.0,6.0
1643143108.3429327,512,471,100,754.0,1.0,6.0
1643145294.5425053,512,471,100,754.0,1.0,6.0
1643146653.6412349,512,471,100,754.0,1.0,6.0
1643149015.628525,512,471,100,754.0,1.0,6.0
1643150315.628831,512,471,100,754.0,1.0,6.0
1643152679.3830574,512,470,100,754.0,1.0,6.0
1643153951.925805,512,470,100,754.0,1.0,6.0
1643159055.0115962,512,470,100,754.0,1.0,6.0
1643163564.9114227,512,470,100,754.0,1.0,6.0
1643165511.084865,512,470,100,754.0,1.0,6.0
1643167013.8679695,512,470,100,754.0,1.0,6.0
1643168338.5862527,512,470,100,754.0,1.0,6.0
1643170874.6786077,512,471,100,755.0,1.0,6.0
1643172417.6167235,512,471,100,755.0,1.0,6.0
1643174105.5310924,512,471,100,755.0,1.0,6.0
1643175401.6240308,512,471,100,755.0,1.0,6.0
1643178037.506715,512,471,100,755.0,1.0,6.0
1643179542.0343485,512,471,100,755.0,1.0,6.0
1643181355.6709943,512,471,100,755.0,1.0,6.0
1643182591.0408957,512,471,100,755.0,1.0,6.0
1643185161.9140663,512,471,100,755.0,1.0,6.0
1643186465.601575,512,471,100,755.0,1.0,6.0
1643188653.9693837,512,477,100,755.0,1.0,6.0
1643189956.1485496,512,478,100,756.0,1.0,6.0
1643192312.9095285,512,480,100,758.0,1.0,6.0
1643193624.8195922,512,480,100,758.0,1.0,6.0
1643195698.0335991,512,483,100,759.0,1.0,6.0
1643197010.3407946,512,483,100,759.0,1.0,6.0
1643199982.6244895,512,483,100,759.0,1.0,6.0
1643201750.6107678,512,483,100,759.0,1.0,6.0
1643203186.762142,512,483,100,759.0,1.0,6.0
1643204249.2464557,512,483,100,759.0,1.0,6.0
1643206544.5596604,512,484,100,760.0,1.0,6.0
1643207807.993497,512,484,100,760.0,1.0,6.0
1643210229.2937908,512,484,100,760.0,1.0,6.0
1643211694.0986888,512,484,100,760.0,1.0,6.0
1643214329.119831,512,484,100,760.0,1.0,6.0
1643216207.5575645,512,484,100,760.0,1.0,6.0
1643217706.879928,512,484,100,760.0,1.0,6.0
1643218847.5990272,512,484,100,760.0,1.0,6.0
1643221236.1670778,512,484,100,760.0,1.0,6.0
1643222678.1152427,512,485,100,760.0,1.0,6.0
1643224431.513265,512,485,100,760.0,1.0,6.0
1643225841.4570014,512,485,100,764.0,1.0,6.0
1643228238.199176,512,485,100,764.0,1.0,6.0
1643229480.4774134,512,489,100,765.0,1.0,7.0
1643231715.515793,512,489,100,765.0,1.0,7.0
1643233051.275033,512,489,100,765.0,1.0,7.0
1643235375.6597762,512,489,100,765.0,1.0,7.0
1643236695.031935,512,489,100,765.0,1.0,7.0
1643238999.240101,512,490,100,764.0,1.0,7.0
1643240296.0129154,512,490,100,764.0,1.0,7.0
1643245165.2238357,512,491,100,764.0,1.0,7.0
1643248952.5422523,512,491,100,764.0,1.0,7.0
1643251669.896568,512,491,100,764.0,1.0,7.0
1643253433.4263945,512,491,100,764.0,1.0,7.0
1643254743.7064033,512,491,100,764.0,1.0,7.0
1643257291.311056,512,491,100,764.0,1.0,7.0
1643258855.3899486,512,491,100,764.0,1.0,7.0
1643260594.74307,512,491,100,764.0,1.0,7.0
1643261800.4683285,512,491,100,764.0,1.0,7.0
1643264436.4852078,512,491,100,764.0,1.0,7.0
1643265921.1178555,512,491,100,764.0,1.0,7.0
1643267771.2719574,512,491,100,764.0,1.0,7.0
1643269317.5548472,512,491,100,764.0,1.0,7.0
1643271648.1772797,512,491,100,764.0,1.0,7.0
1643272951.4204557,512,491,100,764.0,1.0,7.0
1643275028.4567535,512,491,100,764.0,1.0,7.0
1643276351.1446426,512,491,100,764.0,1.0,7.0
1643278694.2609165,512,492,100,765.0,1.0,7.0
1643279997.63109,512,492,100,765.0,1.0,7.0
1643282025.2533371,512,492,100,765.0,1.0,7.0
1643283433.8129766,512,492,100,765.0,1.0,7.0
1643286426.5387857,512,492,100,765.0,1.0,7.0
1643288334.396419,512,492,100,765.0,1.0,7.0
1643290006.0651686,512,492,100,765.0,1.0,7.0
1643290806.6427894,512,492,100,765.0,1.0,7.0
1643292972.5716257,512,492,100,765.0,1.0,7.0
1643294199.7549322,512,492,100,765.0,1.0,7.0
1643296646.7589447,512,492,100,765.0,1.0,7.0
1643298106.949606,512,494,100,765.0,1.0,7.0
1643300746.7759142,512,495,100,765.0,1.0,7.0
1643302634.2190871,512,495,100,765.0,1.0,7.0
1643304102.7522693,512,496,100,765.0,1.0,7.0
1643305314.3372984,512,496,100,765.0,1.0,7.0
1643307708.1558688,512,497,100,765.0,1.0,7.0
1643309039.3404157,512,497,100,765.0,1.0,7.0
1643310800.0901234,512,497,100,765.0,1.0,7.0
1643312225.0777626,512,497,100,765.0,1.0,7.0
1643314614.5248818,512,497,100,765.0,1.0,7.0
1643315892.0099552,512,497,100,765.0,1.0,7.0
1643318062.585646,512,497,100,765.0,1.0,7.0
1643319421.7456985,512,497,100,765.0,1.0,7.0
1643321759.9945347,512,497,100,765.0,1.0,7.0
1643323087.871722,512,497,100,765.0,1.0,7.0
1643325424.3572097,512,495,100,763.0,1.0,7.0
1643326731.5226078,512,495,100,763.0,1.0,7.0
1643331514.2459624,512,495,100,763.0,1.0,7.0
1643335341.3722982,512,495,100,763.0,1.0,7.0
1643338226.5336463,512,495,100,763.0,1.0,7.0
1643339814.389743,512,495,100,763.0,1.0,7.0
1643341133.7180848,512,495,100,763.0,1.0,7.0
1643343717.940404,512,495,100,763.0,1.0,7.0
1643345244.26311,512,495,100,763.0,1.0,7.0
1643346899.7251132,512,495,100,763.0,1.0,7.0
1643348192.9205232,512,495,100,763.0,1.0,7.0
1643350836.9927964,512,495,100,763.0,1.0,7.0
1643352338.5649114,512,495,100,763.0,1.0,7.0
1643354136.673462,512,495,100,763.0,1.0,7.0
1643355402.466211,512,495,100,763.0,1.0,7.0
1643357997.2945328,512,495,100,763.0,1.0,7.0
1643359238.8034196,512,495,100,763.0,1.0,7.0
1643361466.1487615,512,495,100,763.0,1.0,7.0
1643362765.236174,512,495,100,763.0,1.0,7.0
1643365140.8275423,512,498,100,765.0,1.0,7.0
1643366427.2909424,512,498,100,765.0,1.0,7.0
1643368470.5550091,512,498,100,765.0,1.0,7.0
1643369795.7137344,512,498,100,765.0,1.0,7.0
1643372780.9432716,512,498,100,765.0,1.0,7.0
1643374523.7082963,512,498,100,765.0,1.0,7.0
1643375952.1375632,512,498,100,765.0,1.0,7.0
1643377031.4753296,512,498,100,765.0,1.0,7.0
1643379329.9526317,512,498,100,765.0,1.0,7.0
1643380617.6912482,512,498,100,765.0,1.0,7.0
1643383054.996227,512,498,100,765.0,1.0,7.0
1643384507.70017,512,498,100,765.0,1.0,7.0
1643387106.9872248,512,499,100,766.0,1.0,7.0
1643388956.4543962,512,499,100,766.0,1.0,7.0
1643390363.829016,512,499,100,766.0,1.0,7.0
1643391629.534046,512,502,100,769.0,1.0,7.0
1643393976.5313194,512,503,100,770.0,1.0,7.0
1643395399.589895,512,503,100,770.0,1.0,7.0
1643397187.3996422,512,503,100,770.0,1.0,7.0
1643398620.9100645,512,503,100,770.0,1.0,7.0
1643401068.7216434,512,503,100,770.0,1.0,7.0
1643402296.5968416,512,503,100,770.0,1.0,7.0
1643404451.9079416,512,503,100,770.0,1.0,7.0
1643405820.553101,512,503,100,770.0,1.0,7.0
1643408159.0795195,512,503,100,770.0,1.0,7.0
1643409469.488036,512,503,100,770.0,1.0,7.0
1643411838.8544612,512,502,100,770.0,1.0,7.0
1643413102.5533383,512,502,100,770.0,1.0,7.0
1643417679.6370173,512,502,100,770.0,1.0,7.0
1643421242.0759456,512,503,100,771.0,1.0,7.0
1643423226.2892742,512,503,100,771.0,1.0,7.0
1643424351.2765806,512,503,100,771.0,1.0,7.0
1643426205.7445543,512,503,100,771.0,1.0,7.0
1643427514.6345346,512,503,100,771.0,1.0,7.0
1643430087.070397,512,503,100,771.0,1.0,7.0
1643431635.58934,512,503,100,771.0,1.0,7.0
1643433278.2459905,512,503,100,771.0,1.0,7.0
1643434604.261017,512,503,100,771.0,1.0,7.0
1643437183.849873,512,503,100,771.0,1.0,7.0
1643438652.049744,512,503,100,771.0,1.0,7.0
1643440572.4636676,512,503,100,771.0,1.0,7.0
1643441800.8742957,512,503,100,771.0,1.0,7.0
1643444347.3876052,512,503,100,771.0,1.0,7.0
1643445670.1905968,512,503,100,771.0,1.0,7.0
1643447781.919948,512,503,100,771.0,1.0,7.0
1643449076.1530576,512,503,100,771.0,1.0,7.0
1643451433.577831,512,503,100,771.0,1.0,7.0
1643452714.9940925,512,503,100,771.0,1.0,7.0
1643454870.2494187,512,503,100,771.0,1.0,7.0
1643456210.2430944,512,503,100,771.0,1.0,7.0
1643459114.1097548,512,504,100,772.0,1.0,7.0
1643460808.4517305,512,505,100,773.0,1.0,7.0
1643462250.1918766,512,505,100,773.0,1.0,7.0
1643463396.1331725,512,505,100,773.0,1.0,7.0
1643465664.3685777,512,505,100,773.0,1.0,7.0
1643467040.0407765,512,505,100,773.0,1.0,7.0
1643469372.50425,512,505,100,773.0,1.0,7.0
1643470789.3410168,512,505,100,773.0,1.0,7.0
1643473454.8891594,512,505,100,773.0,1.0,7.0
1643475281.8643465,512,505,100,773.0,1.0,7.0
1643476914.2867274,512,505,100,773.0,1.0,7.0
1643478242.2042575,512,505,100,773.0,1.0,7.0
1643480711.728572,512,505,100,773.0,1.0,7.0
1643482198.5688207,512,505,100,773.0,1.0,7.0
1643483702.5355654,512,505,100,773.0,1.0,7.0
1643484999.8593292,512,505,100,773.0,1.0,7.0
1643487481.0112665,512,506,100,774.0,1.0,7.0
1643488898.834885,512,506,100,774.0,1.0,7.0
1643490800.5322154,512,506,100,774.0,1.0,7.0
1643492216.217337,512,506,100,774.0,1.0,7.0
1643494539.4871552,512,506,100,774.0,1.0,7.0
1643495847.693994,512,506,100,774.0,1.0,7.0
1643498138.6175473,512,506,100,774.0,1.0,7.0
1643499402.138889,512,506,100,774.0,1.0,7.0
1643504374.1511483,512,506,100,774.0,1.0,7.0
1643508086.9263952,512,505,100,774.0,1.0,7.0
1643510797.104694,512,505,100,774.0,1.0,7.0
1643512581.9607644,512,505,100,774.0,1.0,7.0
1643513887.712209,512,505,100,774.0,1.0,7.0
1643516470.783163,512,505,100,774.0,1.0,7.0
1643518013.138719,512,505,100,774.0,1.0,7.0
1643519669.0268445,512,505,100,774.0,1.0,7.0
1643521003.3045375,512,505,100,774.0,1.0,7.0
1643523556.1693382,512,505,100,774.0,1.0,7.0
1643525009.5149634,512,505,100,774.0,1.0,7.0
1643526939.4967918,512,505,100,774.0,1.0,7.0
1643528192.6417902,512,505,100,774.0,1.0,7.0
1643530736.920334,512,505,100,774.0,1.0,7.0
1643532046.0016894,512,505,100,774.0,1.0,7.0
1643534174.003722,512,505,100,774.0,1.0,7.0
1643535463.073963,512,505,100,774.0,1.0,7.0
1643537818.0303333,512,505,100,774.0,1.0,7.0
1643539093.3312433,512,505,100,774.0,1.0,7.0
1643541185.056976,512,505,100,774.0,1.0,7.0
1643542662.3665764,512,509,100,776.0,1.0,7.0
1643545507.1384587,512,509,100,776.0,1.0,7.0
1643547192.5326495,512,509,100,776.0,1.0,7.0
1643548621.8604643,512,509,100,776.0,1.0,7.0
1643549795.4824822,512,509,100,776.0,1.0,7.0
1643552079.057886,512,509,100,776.0,1.0,7.0
1643553407.6239142,512,509,100,776.0,1.0,7.0
1643555766.4588387,512,509,100,776.0,1.0,7.0
1643557191.767388,512,512,100,779.0,1.0,7.0
1643559835.2071214,512,512,100,779.0,1.0,7.0
1643561649.4429762,512,513,100,780.0,1.0,7.0
1643563016.0143957,512,513,100,780.0,1.0,7.0
1643564303.813296,512,513,100,780.0,1.0,7.0
1643566708.9591246,512,513,100,780.0,1.0,7.0
1643568109.6256783,512,514,100,780.0,1.0,7.0
1643569958.287209,512,514,100,780.0,1.0,7.0
1643571394.771473,512,514,100,780.0,1.0,7.0
1643573823.325677,512,514,100,780.0,1.0,7.0
1643575093.9892497,512,514,100,780.0,1.0,7.0
1643577222.8494473,512,514,100,780.0,1.0,7.0
1643578612.9362247,512,514,100,780.0,1.0,7.0
1643580953.3414302,512,514,100,780.0,1.0,7.0
1643582244.5720763,512,514,100,780.0,1.0,7.0
1643584572.5233374,512,514,100,780.0,1.0,7.0
1643585838.051839,512,514,100,780.0,1.0,7.0
1643590636.8243742,512,514,100,780.0,1.0,7.0
1643594336.1280067,512,514,100,780.0,1.0,7.0
1643596422.6793811,512,514,100,780.0,1.0,7.0
1643599020.6106112,512,514,100,780.0,1.0,7.0
1643600342.659185,512,514,100,780.0,1.0,7.0
1643602906.109034,512,514,100,780.0,1.0,7.0
1643604462.8388877,512,514,100,780.0,1.0,7.0
1643606101.7401285,512,514,100,780.0,1.0,7.0
1643607399.898331,512,514,100,780.0,1.0,7.0
1643610017.5951884,512,514,100,780.0,1.0,7.0
1643611498.4555924,512,514,100,780.0,1.0,7.0
1643613428.9250598,512,514,100,780.0,1.0,7.0
1643614605.2122805,512,515,100,781.0,1.0,7.0
1643617223.3656614,512,515,100,781.0,1.0,7.0
1643618538.890624,512,515,100,781.0,1.0,7.0
1643620647.533202,512,515,100,781.0,1.0,7.0
1643621934.7814772,512,515,100,781.0,1.0,7.0
1643624303.0290313,512,515,100,781.0,1.0,7.0
1643625592.6374974,512,515,100,781.0,1.0,7.0
1643627701.45697,512,515,100,781.0,1.0,7.0
1643628998.9876482,512,515,100,781.0,1.0,7.0
1643631992.3467476,512,515,100,781.0,1.0,7.0
1643633767.948997,512,515,100,781.0,1.0,7.0
1643635211.0630584,512,515,100,781.0,1.0,7.0
1643636261.014729,512,515,100,781.0,1.0,7.0
1643638555.794174,512,515,100,781.0,1.0,7.0
1643639836.0110683,512,515,100,781.0,1.0,7.0
1643642247.0133166,512,515,100,781.0,1.0,7.0
1643643679.0584042,512,516,100,782.0,1.0,7.0
1643646259.8105657,512,518,100,782.0,1.0,7.0
1643647975.0709362,512,518,100,782.0,1.0,7.0
1643649411.832848,512,518,100,782.0,1.0,7.0
1643650706.7986157,512,518,100,782.0,1.0,7.0
1643653166.5314243,512,518,100,782.0,1.0,7.0
1643654590.9173896,512,518,100,782.0,1.0,7.0
1643656384.9864016,512,518,100,782.0,1.0,7.0
1643657831.5103328,512,520,100,783.0,1.0,7.0
1643660245.5706902,512,523,100,787.0,1.0,7.0
1643661510.615064,512,523,100,787.0,1.0,7.0
1643663630.8965862,512,523,100,787.0,1.0,7.0
1643665022.6749003,512,523,100,787.0,1.0,7.0
1643667344.4770367,512,523,100,787.0,1.0,7.0
1643668669.4177053,512,523,100,787.0,1.0,7.0
1643671026.6663277,512,517,100,782.0,1.0,7.0
1643672287.77081,512,517,100,782.0,1.0,7.0
1643677283.3787808,512,517,100,782.0,1.0,7.0
1643681681.483657,512,517,100,782.0,1.0,7.0
1643683761.2548718,512,517,100,782.0,1.0,7.0
1643685407.2681892,512,517,100,782.0,1.0,7.0
1643686718.1003065,512,517,100,782.0,1.0,7.0
1643689283.2011085,512,517,100,782.0,1.0,7.0
1643690836.1971402,512,517,100,782.0,1.0,7.0
1643692526.126399,512,517,100,782.0,1.0,7.0
1643693796.251158,512,517,100,782.0,1.0,7.0
1643696397.6794684,512,518,100,782.0,1.0,7.0
1643697879.3165317,512,518,100,782.0,1.0,7.0
1643699753.2318623,512,518,100,782.0,1.0,7.0
1643700998.705106,512,518,100,782.0,1.0,7.0
1643703621.0148015,512,518,100,782.0,1.0,7.0
1643704926.8298988,512,518,100,782.0,1.0,7.0
1643707028.7073965,512,518,100,782.0,1.0,7.0
1643708327.0719907,512,518,100,782.0,1.0,7.0
1643710723.43862,512,518,100,782.0,1.0,7.0
1643711994.2579658,512,518,100,782.0,1.0,7.0
1643714072.7372625,512,518,100,782.0,1.0,7.0
1643715398.5723352,512,518,100,782.0,1.0,7.0
1643718428.609587,512,518,100,782.0,1.0,7.0
1643720212.1815138,512,518,100,782.0,1.0,7.0
1643721693.358405,512,518,100,782.0,1.0,7.0
1643722628.157822,512,518,100,782.0,1.0,7.0
1643724931.3851607,512,518,100,782.0,1.0,7.0
1643726207.041556,512,518,100,782.0,1.0,7.0
1643728673.5376618,512,518,100,782.0,1.0,7.0
1643730095.135659,512,518,100,782.0,1.0,7.0
1643732804.055657,512,518,100,782.0,1.0,7.0
1643734694.593062,512,520,100,787.0,1.0,7.0
1643736265.6360967,512,520,100,788.0,1.0,7.0
1643737233.8073912,512,520,100,789.0,1.0,7.0
1643739615.224752,512,520,100,789.0,1.0,7.0
1643741009.5021777,512,520,100,789.0,1.0,7.0
1643742855.4877126,512,520,100,790.0,1.0,7.0
1643744212.1274116,512,520,100,790.0,1.0,7.0
1643746643.0327504,512,520,100,791.0,1.0,7.0
1643747900.8776476,512,520,100,791.0,1.0,7.0
1643750086.2337344,512,521,100,795.0,1.0,7.0
1643751485.5810554,512,521,100,797.0,1.0,7.0
1643753784.5173123,512,521,100,797.0,1.0,7.0
1643755086.461965,512,521,100,797.0,1.0,7.0
1643757428.00412,512,521,100,797.0,1.0,7.0
1643758681.6384945,512,521,100,797.0,1.0,7.0
1643763623.6510787,512,521,100,797.0,1.0,7.0
1643767395.7178073,512,521,100,797.0,1.0,7.0
1643770052.1374435,512,521,100,797.0,1.0,7.0
1643771787.7814531,512,521,100,797.0,1.0,7.0
1643773097.8355956,512,521,100,797.0,1.0,7.0
1643775680.4424038,512,521,100,797.0,1.0,7.0
1643777212.4253304,512,521,100,797.0,1.0,7.0
1643778922.11095,512,521,100,797.0,1.0,7.0
1643780203.1518896,512,521,100,797.0,1.0,7.0
1643782801.5415456,512,521,100,797.0,1.0,7.0
1643784269.6161053,512,521,100,797.0,1.0,7.0
1643786123.9231195,512,521,100,797.0,1.0,7.0
1643787402.2227907,512,521,100,797.0,1.0,7.0
1643790000.542051,512,521,100,797.0,1.0,7.0
1643791291.6806183,512,521,100,797.0,1.0,7.0
1643793376.1108458,512,521,100,798.0,1.0,7.0
1643794699.585111,512,521,100,798.0,1.0,7.0
1643797099.7258956,512,521,100,798.0,1.0,7.0
1643798372.6435273,512,521,100,798.0,1.0,7.0
1643800488.656787,512,521,100,798.0,1.0,7.0
1643801794.1653626,512,522,100,799.0,1.0,7.0
1643804817.5284815,512,522,100,799.0,1.0,7.0
1643806552.638689,512,523,100,800.0,1.0,7.0
1643808000.6121707,512,523,100,800.0,1.0,7.0
1643809032.051433,512,524,100,801.0,1.0,7.0
1643811316.7035017,512,525,100,801.0,1.0,7.0
1643812616.114353,512,525,100,801.0,1.0,7.0
1643815124.039421,512,525,100,801.0,1.0,7.0
1643816639.685506,512,525,100,801.0,1.0,7.0
1643819121.8384342,512,525,100,801.0,1.0,7.0
1643820975.7761858,512,525,100,801.0,1.0,7.0
1643822364.1630738,512,525,100,801.0,1.0,7.0
1643823572.1922207,512,525,100,801.0,1.0,7.0
1643825967.9000962,512,525,100,801.0,1.0,7.0
1643827389.2809043,512,527,100,803.0,1.0,7.0
1643829221.4384544,512,528,100,804.0,1.0,7.0
1643830619.3772962,512,529,100,804.0,1.0,7.0
1643833072.2385883,512,529,100,804.0,1.0,7.0
1643834333.1825814,512,529,100,804.0,1.0,7.0
1643836534.0502436,512,529,100,804.0,1.0,7.0
1643837842.407916,512,529,100,804.0,1.0,7.0
1643840162.6303594,512,529,100,804.0,1.0,7.0
1643841477.1612742,512,529,100,804.0,1.0,7.0
1643843826.2544968,512,529,100,804.0,1.0,7.0
1643845080.9341438,512,529,100,804.0,1.0,7.0
1643849825.7297988,512,529,100,804.0,1.0,7.0
1643853498.8159523,512,529,100,804.0,1.0,7.0
1643855573.5248277,512,529,100,804.0,1.0,7.0
1643858288.063402,512,529,100,804.0,1.0,7.0
1643859580.347262,512,529,100,804.0,1.0,7.0
1643862095.481275,512,530,100,806.0,1.0,7.0
1643863640.871413,512,530,100,806.0,1.0,7.0
1643865325.9249988,512,530,100,806.0,1.0,7.0
1643866595.655665,512,530,100,806.0,1.0,7.0
1643869215.321885,512,530,100,806.0,1.0,7.0
1643870692.9772732,512,530,100,806.0,1.0,7.0
1643872568.5168765,512,530,100,806.0,1.0,7.0
1643873799.9221215,512,530,100,806.0,1.0,7.0
1643876412.8669486,512,530,100,806.0,1.0,7.0
1643877715.862888,512,530,100,806.0,1.0,7.0
1643879785.18037,512,530,100,806.0,1.0,7.0
1643881120.4315913,512,530,100,806.0,1.0,7.0
1643883465.5586674,512,530,100,806.0,1.0,7.0
1643884767.4657187,512,530,100,806.0,1.0,7.0
1643886802.7184577,512,530,100,806.0,1.0,7.0
1643888201.2075713,512,530,100,806.0,1.0,7.0
1643891242.5674572,512,530,100,806.0,1.0,7.0
1643893053.5661829,512,530,100,806.0,1.0,7.0
1643894528.2420332,512,530,100,806.0,1.0,7.0
1643895418.7316954,512,530,100,806.0,1.0,7.0
1643897757.389625,512,530,100,806.0,1.0,7.0
1643899035.631808,512,530,100,806.0,1.0,7.0
1643901405.4810152,512,530,100,806.0,1.0,7.0
1643902897.5281217,512,530,100,806.0,1.0,7.0
1643905581.8322663,512,530,100,806.0,1.0,7.0
1643907398.401281,512,530,100,806.0,1.0,7.0
1643908856.7182224,512,530,100,806.0,1.0,7.0
1643909996.0269797,512,530,100,806.0,1.0,7.0
1643912402.7069724,512,531,100,807.0,1.0,7.0
1643913810.5810444,512,531,100,808.0,1.0,7.0
1643915635.2507074,512,532,100,809.0,1.0,7.0
1643917023.498971,512,532,100,809.0,1.0,7.0
1643919436.9641917,512,532,100,809.0,1.0,7.0
1643920700.9782171,512,532,100,809.0,1.0,7.0
1643922849.4265091,512,532,100,809.0,1.0,7.0
1643924235.9772692,512,532,100,809.0,1.0,7.0
1643926668.7947469,512,532,100,809.0,1.0,7.0
1643927806.7934446,512,532,100,809.0,1.0,7.0
1643930070.6534894,512,528,100,807.0,1.0,7.0
1643931396.8298662,512,528,100,807.0,1.0,7.0
1643936257.971497,512,528,100,807.0,1.0,7.0
1643939521.5541332,512,528,100,807.0,1.0,7.0
1643941092.717604,512,528,100,807.0,1.0,7.0
1643942192.1251285,512,528,100,807.0,1.0,7.0
1643944499.9699202,512,529,100,808.0,1.0,7.0
1643945794.9074223,512,530,100,809.0,1.0,7.0
1643948273.586675,512,530,100,809.0,1.0,7.0
1643949622.8337812,512,530,100,809.0,1.0,7.0
1643951567.3929286,512,530,100,809.0,1.0,7.0
1643953009.423901,512,530,100,809.0,1.0,7.0
1643955391.039428,512,530,100,809.0,1.0,7.0
1643956712.096733,512,530,100,809.0,1.0,7.0
1643958830.144299,512,530,100,809.0,1.0,7.0
1643960209.700742,512,530,100,809.0,1.0,7.0
1643962595.3268092,512,530,100,809.0,1.0,7.0
1643963798.0094266,512,530,100,809.0,1.0,7.0
1643966100.4941332,512,530,100,809.0,1.0,7.0
1643967435.2432957,512,530,100,809.0,1.0,7.0
1643969709.4152825,512,530,100,809.0,1.0,7.0
1643970998.923594,512,530,100,809.0,1.0,7.0
1643973103.9173205,512,530,100,809.0,1.0,7.0
1643974600.2413087,512,530,100,809.0,1.0,7.0
1643977318.658901,512,530,100,809.0,1.0,7.0
1643978814.0236597,512,530,100,809.0,1.0,7.0
1643980489.2540643,512,530,100,809.0,1.0,7.0
1643981793.4516237,512,530,100,809.0,1.0,7.0
1643984025.3091297,512,530,100,809.0,1.0,7.0
1643985396.620167,512,531,100,809.0,1.0,7.0
1643987672.990939,512,532,100,809.0,1.0,7.0
1643989003.9270022,512,532,100,809.0,1.0,7.0
1643991687.6260784,512,532,100,809.0,1.0,7.0
1643993226.0497298,512,536,100,811.0,1.0,7.0
1643994795.376234,512,536,100,811.0,1.0,7.0
1643996554.334627,512,536,100,811.0,1.0,7.0
1643998583.145516,512,536,100,811.0,1.0,7.0
1643999827.911555,512,536,100,811.0,1.0,7.0
1644001897.2270944,512,536,100,811.0,1.0,7.0
1644003413.0215976,512,536,100,811.0,1.0,7.0
1644005679.9909165,512,536,100,811.0,1.0,7.0
1644007000.637239,512,536,100,811.0,1.0,7.0
1644009170.1956627,512,536,100,811.0,1.0,7.0
1644010621.3599138,512,536,100,811.0,1.0,7.0
1644012825.7517853,512,536,100,811.0,1.0,7.0
1644014211.204667,512,536,100,811.0,1.0,7.0
1644016498.4996562,512,536,100,811.0,1.0,7.0
1644017802.5993023,512,536,100,811.0,1.0,7.0
1644022273.3270855,512,538,100,813.0,1.0,7.0
1644025184.9163806,512,538,100,813.0,1.0,7.0
1644027409.4755814,512,538,100,813.0,1.0,7.0
1644028598.3977554,512,538,100,813.0,1.0,7.0
1644030925.8030586,512,538,100,813.0,1.0,7.0
1644032194.0310345,512,538,100,813.0,1.0,7.0
1644034689.813301,512,538,100,813.0,1.0,7.0
1644036011.3737051,512,538,100,813.0,1.0,7.0
1644037997.284852,512,538,100,813.0,1.0,7.0
1644039406.9149182,512,538,100,813.0,1.0,7.0
1644041782.40157,512,538,100,813.0,1.0,7.0
1644043089.524061,512,538,100,813.0,1.0,7.0
1644045198.3900428,512,538,100,813.0,1.0,7.0
1644046592.8791904,512,538,100,813.0,1.0,7.0
1644048968.9882207,512,538,100,813.0,1.0,7.0
1644050192.385225,512,538,100,813.0,1.0,7.0
1644052476.5188687,512,543,100,817.0,1.0,7.0
1644053792.0386193,512,543,100,817.0,1.0,7.0
1644056103.260711,512,547,100,819.0,1.0,7.0
1644057395.726329,512,547,100,819.0,1.0,7.0
1644059546.902244,512,547,100,819.0,1.0,7.0
1644060995.7712193,512,547,100,819.0,1.0,7.0
1644063624.7415028,512,547,100,819.0,1.0,7.0
1644065071.5641763,512,547,100,819.0,1.0,7.0
1644066844.2042224,512,547,100,819.0,1.0,7.0
1644068204.5052674,512,547,100,819.0,1.0,7.0
1644070384.3117995,512,547,100,819.0,1.0,7.0
1644071797.6209588,512,547,100,819.0,1.0,7.0
1644074050.3727036,512,547,100,819.0,1.0,7.0
1644075408.2959578,512,547,100,819.0,1.0,7.0
1644077961.661034,512,547,100,819.0,1.0,7.0
1644079487.8405626,512,547,100,819.0,1.0,7.0
1644081167.1094456,512,547,100,819.0,1.0,7.0
1644082598.204278,512,547,100,819.0,1.0,7.0
1644084942.4178565,512,549,100,820.0,1.0,7.0
1644086198.4470737,512,549,100,820.0,1.0,7.0
1644088428.705009,512,550,100,821.0,1.0,7.0
1644089802.3262763,512,550,100,821.0,1.0,7.0
1644092055.8870802,512,551,100,821.0,1.0,7.0
1644093395.6442225,512,552,100,821.0,1.0,7.0
1644095549.694779,512,552,100,821.0,1.0,7.0
1644097028.7644866,512,552,100,821.0,1.0,7.0
1644100032.126433,512,552,100,821.0,1.0,7.0
1644101569.5450008,512,552,100,821.0,1.0,7.0
1644103675.0996373,512,552,100,821.0,1.0,7.0
1644105054.67111,512,552,100,821.0,1.0,7.0
1644109635.4750211,512,552,100,821.0,1.0,7.0
1644114333.860008,512,552,100,821.0,1.0,7.0
1644115996.104963,512,552,100,821.0,1.0,7.0
1644117381.1317873,512,552,100,821.0,1.0,7.0
1644118689.7071984,512,552,100,821.0,1.0,7.0
1644121290.6717317,512,552,100,821.0,1.0,7.0
1644122790.5124142,512,552,100,821.0,1.0,7.0
1644124463.890385,512,552,100,821.0,1.0,7.0
1644125794.3877842,512,552,100,821.0,1.0,7.0
1644128380.6620643,512,552,100,821.0,1.0,7.0
1644129857.714846,512,552,100,821.0,1.0,7.0
1644131760.809393,512,552,100,821.0,1.0,7.0
1644132992.170381,512,552,100,821.0,1.0,7.0
1644135509.442409,512,552,100,821.0,1.0,7.0
1644136802.9137795,512,552,100,821.0,1.0,7.0
1644138972.9924798,512,552,100,821.0,1.0,7.0
1644140274.824638,512,552,100,821.0,1.0,7.0
1644142640.1545875,512,552,100,821.0,1.0,7.0
1644143933.2777486,512,552,100,821.0,1.0,7.0
1644145985.004863,512,552,100,821.0,1.0,7.0
1644147393.5599282,512,552,100,821.0,1.0,7.0
1644150320.0340087,512,553,100,822.0,1.0,7.0
1644151966.4015856,512,554,100,823.0,1.0,7.0
1644153445.055985,512,554,100,823.0,1.0,7.0
1644154606.5225203,512,556,100,825.0,1.0,7.0
1644156930.814971,512,556,100,825.0,1.0,7.0
1644158207.5019712,512,556,100,825.0,1.0,7.0
1644160554.543781,512,556,100,825.0,1.0,7.0
1644161981.5411942,512,556,100,825.0,1.0,7.0
1644164624.830019,512,557,100,825.0,1.0,7.0
1644166399.7755904,512,557,100,825.0,1.0,7.0
1644167789.597486,512,557,100,825.0,1.0,7.0
1644169079.3360307,512,557,100,825.0,1.0,7.0
1644171504.889014,512,557,100,825.0,1.0,7.0
1644172896.942701,512,557,100,825.0,1.0,7.0
1644174753.2162,512,557,100,825.0,1.0,7.0
1644176200.7575486,512,558,100,826.0,1.0,7.0
1644178583.0562155,512,561,100,826.0,1.0,7.0
1644179836.1442816,512,561,100,826.0,1.0,7.0
1644182067.4859772,512,561,100,826.0,1.0,7.0
1644183402.5923464,512,563,100,826.0,1.0,7.0
1644185751.51815,512,563,100,826.0,1.0,7.0
1644187061.8682916,512,565,100,827.0,1.0,7.0
1644189353.8323228,512,565,100,827.0,1.0,7.0
1644190628.393253,512,565,100,827.0,1.0,7.0
1644195559.1882296,512,565,100,827.0,1.0,7.0
1644199349.1095023,512,565,100,827.0,1.0,7.0
1644202060.2214987,512,566,100,828.0,1.0,7.0
1644203830.1394916,512,566,100,828.0,1.0,7.0
1644205149.5405157,512,566,100,828.0,1.0,7.0
1644207717.0695484,512,566,100,828.0,1.0,7.0
1644209245.431084,512,566,100,828.0,1.0,7.0
1644210906.9503765,512,566,100,828.0,1.0,7.0
1644212205.513136,512,566,100,828.0,1.0,7.0
1644214820.522457,512,566,100,828.0,1.0,7.0
1644216298.3341851,512,566,100,828.0,1.0,7.0
1644218152.7708132,512,566,100,828.0,1.0,7.0
1644219399.0397503,512,567,100,829.0,1.0,7.0
1644222030.2864578,512,567,100,829.0,1.0,7.0
1644223329.778914,512,567,100,829.0,1.0,7.0
1644225433.6941278,512,568,100,829.0,1.0,7.0
1644226730.6400938,512,570,100,831.0,1.0,7.0
1644229094.837608,512,573,100,834.0,1.0,7.0
1644230378.8248284,512,573,100,834.0,1.0,7.0
1644232419.5356474,512,574,100,834.0,1.0,7.0
1644233794.43808,512,577,100,837.0,1.0,7.0
1644236846.132785,512,579,100,839.0,1.0,7.0
1644238615.4187334,512,579,100,839.0,1.0,7.0
1644240127.6731098,512,579,100,839.0,1.0,7.0
1644241046.2821238,512,579,100,839.0,1.0,7.0
1644243356.8437493,512,579,100,839.0,1.0,7.0
1644244610.4927468,512,579,100,839.0,1.0,7.0
1644247020.3189745,512,580,100,839.0,1.0,7.0
1644248461.2912142,512,581,100,839.0,1.0,7.0
1644251138.8993766,512,581,100,839.0,1.0,7.0
1644252987.7438028,512,581,100,839.0,1.0,7.0
1644254312.5461366,512,582,100,840.0,1.0,7.0
1644255484.9477377,512,582,100,840.0,1.0,7.0
1644257970.503584,512,582,100,840.0,1.0,7.0
1644259331.0256755,512,582,100,840.0,1.0,7.0
